Judul,Deskripsi,Sumber,Tanggal,URL
Pendekatan Berpikir Maju untuk casino premium,"Integrasi teknologi canggih ke dalam pengalaman digital sehari-hari merupakan frontier berikutnya dalam pengembangan platform dan keterlibatan pengguna. Teknologi progressive web application mengaburkan batas antara pengalaman native dan berbasis web, memberi…",Heathereatsalmondbutter.com,2026-09-09 03:00:00+00:00,https://www.heathereatsalmondbutter.com/pendekatan-berpikir-maju-untuk-casino-premium/
Perbedaan Slot Online dan Mesin Slot Konvensional,"Slot online dan mesin slot konvensional memiliki konsep dasar yang hampir serupa, yaitu menggunakan gulungan dengan berbagai simbol untuk menghasilkan kombinasi tertentu. Namun, perkembangan teknologi membuat keduanya mempunyai sejumlah perbedaan dari sisi be…",Heathereatsalmondbutter.com,2026-09-13 06:41:51+00:00,https://www.heathereatsalmondbutter.com/perbedaan-slot-online-dan-mesin-slot-konvensional/
Bagaimana Umpan Balik Meningkatkan cashback casino,"Penekanan pada keamanan dan kepercayaan telah menjadi sangat penting di era digital, dengan platform terkemuka berinvestasi besar dalam langkah perlindungan dan operasi transparan. Program loyalitas yang mengakui dan menghargai keterlibatan berkelanjutan menc…",Heathereatsalmondbutter.com,2026-09-03 18:07:49+00:00,https://www.heathereatsalmondbutter.com/bagaimana-umpan-balik-meningkatkan-cashback-casino/
Analisis Mendalam Tentang Tren togel Sydney Terkini,"Perkembangan teknologi telah membawa transformasi signifikan dalam industri togel, menciptakan platform yang lebih transparan, aman, dan mudah diakses. Penggunaan tabel referensi dan database hasil sebelumnya membantu pemain memahami distribusi angka dan frek…",Heathereatsalmondbutter.com,2026-08-27 03:00:00+00:00,https://www.heathereatsalmondbutter.com/analisis-mendalam-tentang-tren-togel-sydney-terkini/
Strategi Analisis bandar togel Berdasarkan Data Historis,"Analisis berbasis data telah mengubah cara pemain mendekati togel, menggantikan tebakan acak dengan pendekatan yang lebih terstruktur dan informatif. Pasaran Singapore (SGP) dikenal sebagai salah satu yang paling prestisius dengan jadwal pengundian konsisten …",Heathereatsalmondbutter.com,2026-09-06 03:00:00+00:00,https://www.heathereatsalmondbutter.com/strategi-analisis-bandar-togel-berdasarkan-data-historis-2/
Perspektif Pengguna tentang bonus deposit,"Di pasar yang penuh dengan pilihan, kemampuan mengidentifikasi platform yang benar-benar memenuhi janji mereka telah menjadi keterampilan berharga bagi konsumen modern. Arsitektur keamanan berlapis melindungi data pengguna di setiap titik perjalanan digital, …",Heathereatsalmondbutter.com,2026-09-12 18:25:12+00:00,https://www.heathereatsalmondbutter.com/perspektif-pengguna-tentang-bonus-deposit/
Bagaimana Regulasi Mempengaruhi casino online,"Seiring kompetisi pasar meningkat, platform yang berinvestasi dalam infrastruktur berkualitas dan pengalaman pengguna terus meraih pangsa terbesar dari perhatian pengguna. Kemitraan dengan organisasi dukungan profesional memastikan pengguna yang membutuhkan b…",Heathereatsalmondbutter.com,2026-08-22 16:17:33+00:00,https://www.heathereatsalmondbutter.com/bagaimana-regulasi-mempengaruhi-casino-online/
Evolusi togel Macau dari Tradisional ke Digital,"Pemain togel modern memiliki akses ke berbagai alat analisis dan data historis yang memungkinkan pendekatan bermain yang lebih terukur dan informatif. Keamanan transaksi menjadi prioritas utama platform togel modern, dengan implementasi enkripsi tingkat lanju…",Heathereatsalmondbutter.com,2026-08-27 03:00:00+00:00,https://www.heathereatsalmondbutter.com/evolusi-togel-macau-dari-tradisional-ke-digital/
Evolusi togel Macau dari Tradisional ke Digital,"Pemain togel modern memiliki akses ke berbagai alat analisis dan data historis yang memungkinkan pendekatan bermain yang lebih terukur dan informatif. Keamanan transaksi menjadi prioritas utama platform togel modern, dengan implementasi enkripsi tingkat lanju…",Heathereatsalmondbutter.com,2026-08-27 03:00:00+00:00,https://www.heathereatsalmondbutter.com/evolusi-togel-macau-dari-tradisional-ke-digital-2/
Faktor Utama yang Membuat casino premium Unggul,Transformasi digital layanan hiburan telah menciptakan peluang yang belum pernah ada bagi pengguna untuk mengakses pengalaman premium dari mana saja. Prinsip privacy-by-design memastikan perlindungan data pengguna tertanam dalam setiap aspek arsitektur platfo…,Heathereatsalmondbutter.com,2026-08-29 03:00:00+00:00,https://www.heathereatsalmondbutter.com/faktor-utama-yang-membuat-casino-premium-unggul/
Panduan Pemula untuk Memahami prediksi togel,"Analisis berbasis data telah mengubah cara pemain mendekati togel, menggantikan tebakan acak dengan pendekatan yang lebih terstruktur dan informatif. Diskon taruhan yang ditawarkan platform kompetitif memungkinkan pemain memasang lebih banyak kombinasi dengan…",Heathereatsalmondbutter.com,2026-09-09 03:00:00+00:00,https://www.heathereatsalmondbutter.com/panduan-pemula-untuk-memahami-prediksi-togel/
Tips dan Trik togel pools yang Wajib Diketahui,"Analisis berbasis data telah mengubah cara pemain mendekati togel, menggantikan tebakan acak dengan pendekatan yang lebih terstruktur dan informatif. Pasaran Singapore (SGP) dikenal sebagai salah satu yang paling prestisius dengan jadwal pengundian konsisten …",Heathereatsalmondbutter.com,2026-09-14 03:00:00+00:00,https://www.heathereatsalmondbutter.com/tips-dan-trik-togel-pools-yang-wajib-diketahui/
Promo HUAWEI Pura 90s Series Gratis Watch Fit 4,"Promo HUAWEI Pura 90s Series gratis Watch Fit 4, upgrade memori dan bonus hingga Rp8,4 juta, berlaku 29 Agustus–27 September 2026. Tingkatkan pengalaman fotografi seluler dengan HUAWEI Pura 90s Series yang menawarkan teknologi True-to-Colour Generasi - [ baca…",Katalogpromosi.com,2026-08-31 03:02:56+00:00,https://katalogpromosi.com/promo-huawei-pura-90s-series-gratis-watch-fit-4/
Promo Botanical Essentials NEW! Hair & Body Moodshake Mist,"Promo Botanical Essentials NEW! Hair & Body Moodshake Mist dengan 5 aroma dessert mewah untuk rambut dan kulit, tersedia di Shopee. ✨ Produk baru Botanical Essentials siap jadi mood-booster favoritmu! Hair & Body Moodshake Mist - [ baca lebih lanjut ] -
The p…",Katalogpromosi.com,2026-09-15 03:02:05+00:00,https://katalogpromosi.com/promo-botanical-essentials-new-hair-body-moodshake-mist/
"Promo Blibli Produk IT Diskon hingga Rp. 1,5 Juta","Promo Blibli Produk IT diskon hingga Rp. 1,5 juta untuk laptop, printer, dan konsol game berlaku 24-31 Agustus 2026. Mau kerja makin produktif atau gameplay makin seru tanpa bikin dompet menjerit? ✨ Promo Blibli Produk - [ baca lebih lanjut ] -
The post Pro…",Katalogpromosi.com,2026-08-24 05:29:07+00:00,https://katalogpromosi.com/promo-blibli-produk-it-diskon-hingga-rp-15-juta/
nusadata added to PyPI,"Bahasa Pemrograman Data Nusantara — Bicara soal Data, Pakai Bahasa Kita Sendiri",Pypi.org,2026-08-23 14:20:26+00:00,https://pypi.org/project/nusadata/
Promo HUAWEI NEW! Pura 90s Gratis WATCH FIT 4,"Promo HUAWEI NEW! Pura 90s Gratis WATCH FIT 4 dengan bonus hingga Rp8,4 juta dan benefit premium berlaku 28 Agustus 2026 di Shopee. Master fotografi dengan 200MP Kamera Telefoto dengan Sensor Ultra Besar yang Didukung - [ baca lebih lanjut ] -
The post Promo …",Katalogpromosi.com,2026-08-28 06:21:00+00:00,https://katalogpromosi.com/promo-huawei-new-pura-90s-gratis-watch-fit-4/
"5 Cara Pedagang Bikin Toko Makin Untung, Teknologi Permudah Usaha!","Pemilik usaha toko di Simalungun dan daerah lain membagikan cara menambah layanan, mencatat utang, menerima QRIS, dan mengelola modal rutin.",Idntimes.com,2026-09-05 17:02:42+00:00,https://www.idntimes.com/business/economy/cara-pedagang-bikin-toko-makin-untung-00-jnnzw-krf252
Strategi UMKM Naik Kelas di Era AI: Mulai dari Marketing hingga Akses Modal,Berita Strategi UMKM Naik Kelas di Era AI: Mulai dari Marketing hingga Akses Modal terbaru hari ini 2026-09-03 20:59:07 dari sumber yang terpercaya,Tvonenews.com,2026-09-03 17:17:20+00:00,https://www.tvonenews.com/ekonomi/464723-strategi-umkm-naik-kelas-di-era-ai-mulai-dari-marketing-hingga-akses-modal
"Dorong Daya Saing Wastra Lokal, Tim Pengabdi Unib Perkuat Digital Marketing Batik Panca Mukti | UNIVERSITAS BENGKULU","Universitas Bengkulu (Unib) terus mendorong penguatan potensi ekonomi kreatif masyarakat melalui pemanfaatan teknologi digital. Salah satunya dilakukan melalui program pengabdian kepada masyarakat di Desa Panca Mukti, Kecamatan Pondok Kelapa, Kabupaten Bengku…",Unib.ac.id,2026-09-20 10:21:51+00:00,https://www.unib.ac.id/dorong-daya-saing-wastra-lokal-tim-pengabdi-unib-perkuat-digital-marketing-batik-panca-mukti/
APINDO Tekankan Pentingnya Efektivitas Investasi Marketing untuk Ciptakan Growth,"Ketua Umum Asosiasi Pengusaha Indonesia (APINDO) Shinta Kamdani menekankan pentingnya efektivitas investasi pemasaran dalam mendorong pertumbuhan bisnis.&nbsp;Menurutnya, perkembangan teknologi dan",Rmol.id,2026-09-04 10:35:14+00:00,https://rmol.id/bisnis/read/2026/09/04/720670/apindo-tekankan-pentingnya-efektivitas-investasi-marketing-untuk-ciptakan-growth
"Promo HUAWEI Pura 90s Pro Harga Spesial Rp11,9 Juta","Promo HUAWEI Pura 90s Pro Harga Spesial Rp11,9 Juta dengan hadiah hingga Rp8,4 juta, cashback dan cicilan berlaku hingga 27 September 2026. Upgrade smartphone kamu dengan Promo HUAWEI Pura 90s Pro yang menawarkan harga spesial - [ baca lebih lanjut ] -
The po…",Katalogpromosi.com,2026-09-10 03:46:38+00:00,https://katalogpromosi.com/promo-huawei-pura-90s-pro-harga-spesial-rp119-juta/
Google dan Apple mencari talenta aset digital saat Big Tech mengincar infrastruktur stablecoin,"Sementara Apple fokus pada strategi keuangan konsumen untuk Apple Pay, Google Cloud menargetkan arsitektur Web3 untuk mendukung tokenisasi institusional di seluruh Asia-Pasifik.",CoinDesk,2026-09-21 13:11:24+00:00,https://www.coindesk.com/id/business/2026/09/21/google-and-apple-seek-crypto-talent-as-big-tech-eyes-stablecoin-and-tokenization-rails
"Tanaman Kentang (Solanum tuberosum): Biologi Ubi, Tekanan Persekitaran dan Pembiakbakaan Moden",Kentang (Solanum tuberosum L.) ialah tanaman makanan bukan bijirin terbesar di dunia dan berada di,Fazlisyam.com,2026-08-28 05:16:14+00:00,https://fazlisyam.com/tanaman-kentang-solanum-tuberosum-biologi-ubi-tekanan-persekitaran-dan-pembiakbakaan-moden/
Pengeluar Kentang Terbesar Dunia: Mengapa Asia Kini Mendominasi Pengeluaran Global?,"Kentang merupakan antara tanaman makanan paling penting di dunia. Berdasarkan dokumen yang diberikan, pengeluaran kentang",Fazlisyam.com,2026-08-28 05:17:23+00:00,https://fazlisyam.com/pengeluar-kentang-terbesar-dunia-mengapa-asia-kini-mendominasi-pengeluaran-global/
Daftar Bioskop Infinity Vision Buat Nonton Avengers: Endgame Encore,"Marvel dan Disney memperkenalkan sertifikasi Infinity Vision untuk Avengers: Endgame Encore, yang dijadwalkan tayang di Indonesia pada 23 September 2026.",Idntimes.com,2026-09-05 12:05:21+00:00,https://www.idntimes.com/hype/entertainment/daftar-bioskop-infinity-vision-di-indonesia-buat-nonton-avengers-endgame-encore-00-sd4vv-4tjydx
Cara Kerja Balon Angioplasti untuk Buka Sumbatan Pembuluh Darah Jantung,Kenali cara kerja balon angioplasti untuk membuka sumbatan pembuluh darah jantung secara minimal invasif beserta perkembangan teknologinya.,Suara.com,2026-09-22 09:42:24+00:00,https://www.suara.com/health/2026/09/22/164019/cara-kerja-balon-angioplasti-untuk-buka-sumbatan-pembuluh-darah-jantung
Uber Dihukum Bayar Ganti Rugi Rp710 Miliar,Uber diwajibkan membayar ganti rugi Rp710 miliar setelah arbiter menyatakan perusahaan dan pengemudi lalai atas kematian penumpang di California pada 2023.,Idntimes.com,2026-09-20 10:04:36+00:00,https://www.idntimes.com/business/economy/uber-dihukum-bayar-ganti-rugi-rp710-miliar-atas-kematian-penumpang-c1c2-01-4s612-6mv0bp
"Bukan Sekadar Mendampingi, Ini Peran Perawat dalam Perawatan Pasien Kanker","Perawat memiliki peran penting dalam mendampingi pasien kanker, mulai dari edukasi hingga pemantauan terapi.",Suara.com,2026-09-21 16:42:38+00:00,https://www.suara.com/health/2026/09/21/233757/bukan-sekadar-mendampingi-ini-peran-perawat-dalam-perawatan-pasien-kanker
Menguasai Psikologi Pembeli Indonesia: Mengapa Nama TanpaDP.com Adalah Hook Paling Efektif Dalam Dunia Digital Marketing,"Dalam lanskap ekonomi digital Indonesia yang bergerak sangat cepat, persaingan antar merek tidak lagi sekadar memperebutkan perhatian (atten...",Tanpadp.com,2026-09-09 03:43:06+00:00,https://www.tanpadp.com/2026/09/menguasai-psikologi-pembeli-indonesia.html
"Skin Booster 'Kulit Mayat' Bikin Penasaran, Asal Usul Bahan Bakunya dari Mana Sih?","Asal usul skin booster 'kulit mayat' ala Korea benar-benar bikin penasaran. Beneran dari kulit manusia, tapi apakah diambil dari donor hidup atau tidak?",Detik.com,2026-09-17 13:24:31+00:00,https://health.detik.com/berita-detikhealth/d-8667599/skin-booster-kulit-mayat-bikin-penasaran-asal-usul-bahan-bakunya-dari-mana-sih
"Buah Asam Jawa (Tamarindus indica): Kaya Nutrien, Fitokimia dan Potensi Kesihatan",Asam jawa atau Tamarindus indica bukanlah buah yang asing dalam masyarakat kita. Ia sering digunakan,Fazlisyam.com,2026-08-31 23:24:00+00:00,https://fazlisyam.com/buah-asam-jawa-tamarindus-indica-kaya-nutrien-fitokimia-dan-potensi-kesihatan/
Menbud dorong kreator muda penuhi ruang digital dengan konten budaya,"Menteri Kebudayaan Fadli Zon mendorong para kreator konten, khususnya generasi muda, untuk terus memproduksi dan mempromosikan konten mengenai budaya, ...",Antaranews.com,2026-08-31 16:37:16+00:00,https://www.antaranews.com/berita/5719704/menbud-dorong-kreator-muda-penuhi-ruang-digital-dengan-konten-budaya
"Masuki Babak Baru, Politeknik Agraria STPN Resmi Diluncurkan Menteri ATR/Kepala BPN","YOGYAKARTA, Kamis (10/09) suaraindonesia-news.com – Sekolah Tinggi Pertanahan...
The post Masuki Babak Baru, Politeknik Agraria STPN Resmi Diluncurkan Menteri ATR/Kepala BPN appeared first on Suara Indonesia.",Suaraindonesia-news.com,2026-09-10 13:03:36+00:00,https://suaraindonesia-news.com/masuki-babak-baru-politeknik-agraria-stpn-resmi-diluncurkan-menteri-atr-kepala-bpn/
"Pasca Muktamar, NU Didorong Kembali Fokus pada Modernisasi dan Kemandirian Pesantren","JAKARTA, Selasa (1/9) suaraindonesia-news.com – Prof. Didik menilai...
The post Pasca Muktamar, NU Didorong Kembali Fokus pada Modernisasi dan Kemandirian Pesantren appeared first on Suara Indonesia.",Suaraindonesia-news.com,2026-09-01 09:04:01+00:00,https://suaraindonesia-news.com/pasca-muktamar-nu-didorong-kembali-fokus-pada-modernisasi-dan-kemandirian-pesantren/
"Smart Posyandu Kota Bogor, Inovasi Digital Perkuat Layanan dan Tata Kelola Posyandu","KOTA BOGOR, Kamis (27/8) suaraindonesia-news.com – Dinas Pemberdayaan...
The post Smart Posyandu Kota Bogor, Inovasi Digital Perkuat Layanan dan Tata Kelola Posyandu appeared first on Suara Indonesia.",Suaraindonesia-news.com,2026-08-27 09:02:54+00:00,https://suaraindonesia-news.com/smart-posyandu-kota-bogor-inovasi-digital-perkuat-layanan-dan-tata-kelola-posyandu/
"XCMG Bangun Pusat Remanufaktur di Balikpapan, Jadi Solusi Layanan Alat Berat Pertama di Luar Tiongkok","​BALIKPAPAN, Kamis (17/9) suaraindonesia-newa.com – Produsen alat berat...
The post XCMG Bangun Pusat Remanufaktur di Balikpapan, Jadi Solusi Layanan Alat Berat Pertama di Luar Tiongkok appeared first on Suara Indonesia.",Suaraindonesia-news.com,2026-09-17 06:24:22+00:00,https://suaraindonesia-news.com/xcmg-bangun-pusat-remanufaktur-di-balikpapan-jadi-solusi-layanan-alat-berat-pertama-di-luar-tiongkok/
"Dorong Layanan Cepat dan Transparan, Kantah Kota Bogor Implementasikan 10 Program Strategis Pertanahan","KOTA BOGOR, Minggu (13/09) suaraindonesia-news.com – Kantor Pertanahan...
The post Dorong Layanan Cepat dan Transparan, Kantah Kota Bogor Implementasikan 10 Program Strategis Pertanahan appeared first on Suara Indonesia.",Suaraindonesia-news.com,2026-09-13 14:30:15+00:00,https://suaraindonesia-news.com/dorong-layanan-cepat-dan-transparan-kantah-kota-bogor-implementasikan-10-program-strategis-pertanahan/
Perjuangan Harus Berakhir pada Kemerdekaan Rakyat,"Penulis : Tarmidinsyah Abubakar (Ketua Umum Aceh Bangkit) ACEH,...
The post Perjuangan Harus Berakhir pada Kemerdekaan Rakyat appeared first on Suara Indonesia.",Suaraindonesia-news.com,2026-08-24 12:26:39+00:00,https://suaraindonesia-news.com/perjuangan-harus-berakhir-pada-kemerdekaan-rakyat/
"Gandeng LPA Deli Serdang, Pemdes Sambirejo Timur Jadikan Maulid sebagai Momentum Edukasi Penggunaan Gadget","DELI SERDANG, Rabu (26/8) suaraindonesia-news.com – Pemerintah Desa...
The post Gandeng LPA Deli Serdang, Pemdes Sambirejo Timur Jadikan Maulid sebagai Momentum Edukasi Penggunaan Gadget appeared first on Suara Indonesia.",Suaraindonesia-news.com,2026-08-26 04:04:39+00:00,https://suaraindonesia-news.com/gandeng-lpa-deli-serdang-pemdes-sambirejo-timur-jadikan-maulid-sebagai-momentum-edukasi-penggunaan-gadget/
Menteri ATR/Kepala BPN Wisuda 568 Taruna/i Politeknik Agraria STPN,"SLEMAN, Kamis (10/9) suaraindonesia-news.com – Menteri Agraria dan...
The post Menteri ATR/Kepala BPN Wisuda 568 Taruna/i Politeknik Agraria STPN appeared first on Suara Indonesia.",Suaraindonesia-news.com,2026-09-10 13:50:01+00:00,https://suaraindonesia-news.com/menteri-atr-kepala-bpn-wisuda-568-taruna-i-politeknik-agraria-stpn/
"Pimpin Apel HUT ke-71 Lalu Lintas, Kapolda Kaltim Tekankan Transformasi Pelayanan Lewat Konsep Polantas Karib","​BALIKPAPAN, Selasa (22/9) suaraindonesia-news.com – Kepolisian Daerah Kalimantan...
The post Pimpin Apel HUT ke-71 Lalu Lintas, Kapolda Kaltim Tekankan Transformasi Pelayanan Lewat Konsep Polantas Karib appeared first on Suara Indonesia.",Suaraindonesia-news.com,2026-09-22 09:47:05+00:00,https://suaraindonesia-news.com/pimpin-apel-hut-ke-71-lalu-lintas-kapolda-kaltim-tekankan-transformasi-pelayanan-lewat-konsep-polantas-karib/
"PLN EPI Targetkan Pemanfaatan Biomassa 3,4 Juta Ton","PLN EPI menargetkan pemanfaatan biomassa mencapai 3,4 juta ton pada 2026 untuk program co-firing PLTU, dengan 70 persen pasokan dari residu.",Fortuneidn.com,2026-09-10 06:17:57+00:00,https://www.fortuneidn.com/business/tahun-ini-kami-akan-mencapai-sekitar-3-4-juta-ton-biomassa-00-5mjpg-bdfvrg
Pemkot Bogor dan Kantah Sepakati Kerja Sama Penguatan Ekonomi Melalui Layanan Pertanahan dan Tata Ruang,"KOTA BOGOR, Rabu (26/8) suaraindonesia-news.com – Pemerintah Kota...
The post Pemkot Bogor dan Kantah Sepakati Kerja Sama Penguatan Ekonomi Melalui Layanan Pertanahan dan Tata Ruang appeared first on Suara Indonesia.",Suaraindonesia-news.com,2026-08-26 04:14:16+00:00,https://suaraindonesia-news.com/pemkot-bogor-dan-kantah-sepakati-kerja-sama-penguatan-ekonomi-melalui-layanan-pertanahan-dan-tata-ruang/
Empat Kabupaten di Madura Didorong Perkuat Koordinasi Usulan KEK Tembakau,"SUMENEP, Kamis (17/09) suaraindonesia-news.com – Pertemuan terkait pengusulan...
The post Empat Kabupaten di Madura Didorong Perkuat Koordinasi Usulan KEK Tembakau appeared first on Suara Indonesia.",Suaraindonesia-news.com,2026-09-17 09:04:28+00:00,https://suaraindonesia-news.com/empat-kabupaten-di-madura-didorong-perkuat-koordinasi-usulan-kek-tembakau/
"Kanwil Imigrasi Kaltim Kukuhkan Forkopdensi, Wadah Kolaborasi Terintegrasi Penanganan Deteni dan Pengungsi di Kaltim-Kaltara","BALIKPAPAN, Kamis (17/9) suaraindonesia-news.com – Kantor Wilayah Direktorat...
The post Kanwil Imigrasi Kaltim Kukuhkan Forkopdensi, Wadah Kolaborasi Terintegrasi Penanganan Deteni dan Pengungsi di Kaltim-Kaltara appeared first on Suara Indonesia.",Suaraindonesia-news.com,2026-09-17 04:24:54+00:00,https://suaraindonesia-news.com/kanwil-imigrasi-kaltim-kukuhkan-forkopdensi-wadah-kolaborasi-terintegrasi-penanganan-deteni-dan-pengungsi-di-kaltim-kaltara/
"Dukung Program Prioritas Nasional 2027, Kementerian ATR/BPN Fokuskan Anggaran untuk Ketahanan Pangan hingga Sertifikasi Tanah MBR","JAKARTA, Jumat (18/09) suaraindonesia-news.com – Kementerian Agraria dan...
The post Dukung Program Prioritas Nasional 2027, Kementerian ATR/BPN Fokuskan Anggaran untuk Ketahanan Pangan hingga Sertifikasi Tanah MBR appeared first on Suara Indonesia.",Suaraindonesia-news.com,2026-09-18 13:26:48+00:00,https://suaraindonesia-news.com/dukung-program-prioritas-nasional-2027-kementerian-atr-bpn-fokuskan-anggaran-untuk-ketahanan-pangan-hingga-sertifikasi-tanah-mbr/
"Gampong Pucok Alue Pidie Raih Pagu Maksimal Dana Desa 2026, Haji Uma Soroti Pengawasan dan Implementasi Permendes","JAKARTA, Selasa (22/09) suaraindonesia-news.com – Gampong Pucok Alue,...
The post Gampong Pucok Alue Pidie Raih Pagu Maksimal Dana Desa 2026, Haji Uma Soroti Pengawasan dan Implementasi Permendes appeared first on Suara Indonesia.",Suaraindonesia-news.com,2026-09-22 09:29:17+00:00,https://suaraindonesia-news.com/gampong-pucok-alue-pidie-raih-pagu-maksimal-dana-desa-2026-haji-uma-soroti-pengawasan-dan-implementasi-permendes/
"Haji Uma Apresiasi IPBA 2026, Penghargaan bagi Karyawan hingga Marbot Dinilai Positif","JAKARTA, Selasa (1/9) suaraIndonesia-news.com – Anggota DPD RI...
The post Haji Uma Apresiasi IPBA 2026, Penghargaan bagi Karyawan hingga Marbot Dinilai Positif appeared first on Suara Indonesia.",Suaraindonesia-news.com,2026-09-01 07:54:53+00:00,https://suaraindonesia-news.com/haji-uma-apresiasi-ipba-2026-penghargaan-bagi-karyawan-hingga-marbot-dinilai-positif/
Jamkrindo Dorong Kemandirian Ekonomi Penyandang Disabilitas,"Karawang (ANTARA) &mdash; PT Jaminan Kredit Indonesia (Persero) terus menunjukkan komitmennya
dalam mendukung terciptanya masyarakat yang inklusif melalui ...",Antaranews.com,2026-08-26 04:23:43+00:00,https://en.antaranews.com/news/428491/jamkrindo-dorong-kemandirian-ekonomi-penyandang-disabilitas
Kantah Kota Bogor Sosialisasikan Percepatan Sertifikasi Tanah Wakaf dan Rumah Ibadah Lintas Agama Secara Gratis,"KOTA BOGOR, Kamis (3/9) suaraindonesia-news.com – Kantor Pertanahan...
The post Kantah Kota Bogor Sosialisasikan Percepatan Sertifikasi Tanah Wakaf dan Rumah Ibadah Lintas Agama Secara Gratis appeared first on Suara Indonesia.",Suaraindonesia-news.com,2026-09-03 14:06:35+00:00,https://suaraindonesia-news.com/kantah-kota-bogor-sosialisasikan-percepatan-sertifikasi-tanah-wakaf-dan-rumah-ibadah-lintas-agama-secara-gratis/
Rocky Gerung: Pengelolaan Pertanahan Tidak Hanya Berkaitan dengan Aspek Teknis,"SLEMAN, Selasa (08/09) suaraindonesia-news.com – Pengelolaan pertanahan dinilai...
The post Rocky Gerung: Pengelolaan Pertanahan Tidak Hanya Berkaitan dengan Aspek Teknis appeared first on Suara Indonesia.",Suaraindonesia-news.com,2026-09-08 14:05:14+00:00,https://suaraindonesia-news.com/rocky-gerung-pengelolaan-pertanahan-tidak-hanya-berkaitan-dengan-aspek-teknis/
"Kebijakan Jam Operasional SPBU Dinilai Tak Efektif, DPRD Balikpapan Minta Evaluasi SE Wali Kota","​BALIKPAPAN, Jum’at (11/9) suaraindonesia-newa.com – Kebijakan penataan jam...
The post Kebijakan Jam Operasional SPBU Dinilai Tak Efektif, DPRD Balikpapan Minta Evaluasi SE Wali Kota appeared first on Suara Indonesia.",Suaraindonesia-news.com,2026-09-11 03:36:49+00:00,https://suaraindonesia-news.com/kebijakan-jam-operasional-spbu-dinilai-tak-efektif-dprd-balikpapan-minta-evaluasi-se-wali-kota/
"Dugaan Penyalahgunaan BBM Subsidi Nelayan di Julok, Pengawas SPBBU Sebut Pengambilan Sesuai SOP","ACEH TIMUR, Kamis (17/09) suaraindonesia-news.com – Dugaan penyalahgunaan...
The post Dugaan Penyalahgunaan BBM Subsidi Nelayan di Julok, Pengawas SPBBU Sebut Pengambilan Sesuai SOP appeared first on Suara Indonesia.",Suaraindonesia-news.com,2026-09-17 04:35:23+00:00,https://suaraindonesia-news.com/diduga-libatkan-spbbu-dan-tengkulak-penyalahgunaan-bbm-subsidi-nelayan-marak-di-julok/
"Dana Jadup Dipotong Rp700 Ribu per KPM, Warga Ceumpeudak Aceh Utara Tuntut Transparansi","ACEH UTARA, Sabtu (19/09) suaraindonesia-news.com – Sejumlah warga...
The post Dana Jadup Dipotong Rp700 Ribu per KPM, Warga Ceumpeudak Aceh Utara Tuntut Transparansi appeared first on Suara Indonesia.",Suaraindonesia-news.com,2026-09-19 08:06:08+00:00,https://suaraindonesia-news.com/dana-jadup-dipotong-rp700-ribu-per-kpm-warga-ceumpeudak-aceh-utara-tuntut-transparansi/
"10 Bulan Pascabanjir, Saluran Irigasi Sayap Kanan di Aceh Timur Tersumbat Sedimen, 1.500 Hektare Sawah Terancam Gagal Tanam","ACEH TIMUR, Selasa (22/09) suaraindonesia-news.com — Petani di...
The post 10 Bulan Pascabanjir, Saluran Irigasi Sayap Kanan di Aceh Timur Tersumbat Sedimen, 1.500 Hektare Sawah Terancam Gagal Tanam appeared first on Suara Indonesia.",Suaraindonesia-news.com,2026-09-22 09:39:10+00:00,https://suaraindonesia-news.com/10-bulan-pascabanjir-saluran-irigasi-sayap-kanan-di-aceh-timur-tersumbat-sedimen-1-500-hektare-sawah-terancam-gagal-tanam/
"Aktivis Perempuan Aceh Imbau Masyarakat Jauhi Judi Online, Ingatkan Dampaknya terhadap Keluarga","ACEH TIMUR, Kamis (27/8) suaraindonesia-news.com – Aktivis perempuan...
The post Aktivis Perempuan Aceh Imbau Masyarakat Jauhi Judi Online, Ingatkan Dampaknya terhadap Keluarga appeared first on Suara Indonesia.",Suaraindonesia-news.com,2026-08-27 13:56:09+00:00,https://suaraindonesia-news.com/aktivis-perempuan-aceh-imbau-masyarakat-jauhi-judi-online-ingatkan-dampaknya-terhadap-keluarga/
Haji Uma Dukung UU Perampasan Aset bagi Koruptor dan Pelaku Kejahatan: Disebut sebagai Aspirasi Rakyat,"JAKARTA, Minggu (30/08) suaraindonesia-news.com – Anggota DPD RI...
The post Haji Uma Dukung UU Perampasan Aset bagi Koruptor dan Pelaku Kejahatan: Disebut sebagai Aspirasi Rakyat appeared first on Suara Indonesia.",Suaraindonesia-news.com,2026-08-30 05:57:53+00:00,https://suaraindonesia-news.com/haji-uma-dukung-uu-perampasan-aset-bagi-koruptor-dan-pelaku-kejahatan-disebut-sebagai-aspirasi-rakyat/
Rehabilitasi Jalan Mintobasuki-Bumiharjo Rampung 100 Persen,"PATI, Senin (14/09) suaraindonesia-news.com – Pekerjaan rehabilitasi ruas...
The post Rehabilitasi Jalan Mintobasuki-Bumiharjo Rampung 100 Persen appeared first on Suara Indonesia.",Suaraindonesia-news.com,2026-09-14 04:38:11+00:00,https://suaraindonesia-news.com/rehabilitasi-jalan-mintobasuki-bumiharjo-rampung-100-persen/
"Rehabilitasi Jalan Tanjungrejo-Tegalharjo Telan Anggaran 1,4M","PATI, Selasa (15/09) suaraindonesia-news.com – Pemerintah Kabupaten Pati...
The post Rehabilitasi Jalan Tanjungrejo-Tegalharjo Telan Anggaran 1,4M appeared first on Suara Indonesia.",Suaraindonesia-news.com,2026-09-15 07:24:00+00:00,https://suaraindonesia-news.com/rehabilitasi-jalan-tanjungrejo-tegalharjo-telan-anggaran-14m/
Kupilih Jalur Langit (2026),"Amira, seorang perempuan muda cerdas dan bersemangat yang menempuh pendidikan di sebuah pesantren, merasa sangat bahagia saat menjalani pernikahan yang […]
The post Kupilih Jalur Langit (2026) appeared first on Samehadaku.",Zerionwallet.org,2026-09-04 04:15:25+00:00,https://zerionwallet.org/kupilih-jalur-langit-2026/
Kegiatan Latihan Calisthenics bersama Muslim Calisthenics Jakarta pertama kali dalam sekali,"Kegiatan saya mengikuti latihan Muslim Calisthenics Jakarta pertama kali dalam sekali :-D
Minggu, 14 Juni 2026

pada saat saya ikut kegiatan latihan Muslim Calisthenics Jakarta ke-68 pertama kali di Taman Menteng Jakarta, saya dan para peserta komunitas Musli…",Openstreetmap.org,2026-09-15 17:42:39+00:00,https://www.openstreetmap.org/user/Syaiful%20Amini/diary/409366
"Dokter PPDS Prodi Kesehatan Jiwa Undip Meninggal, Kemenkes Cek Dugaan Bullying",Kematian dr Yuda Nabella di Undip memicu perbincangan tentang bullying dalam pendidikan kedokteran. Kemenkes akan melakukan pemeriksaan terkait dugaan tersebut.,Detik.com,2026-09-01 06:20:40+00:00,https://health.detik.com/berita-detikhealth/d-8643172/dokter-ppds-prodi-kesehatan-jiwa-undip-meninggal-kemenkes-cek-dugaan-bullying
Lowongan Kerja Manager Marketing - Conten Creator Specialist - Digital Marketing Advertiser,Informasi lowongan kerja Manager Marketing - Conten Creator Specialist - Digital Marketing Advertiser - Admin Exportir di CV. Dwimanunggal Indonesia terbaru untuk wilayah Yogyakarta. Loker Manager Marketing - Conten Creator Specialist - Digital Marketing Adve…,Lokerjogja.id,2026-09-15 04:17:56+00:00,https://www.lokerjogja.id/lowongan/manager-marketing-conten-creator-specialist-digital-marketing-advertiser-admin-exportir-di-cv-dwimanunggal-indonesia/
"Kasus Dugaan Pengeroyokan Siswa di Simeulue, Haji Uma Minta Polisi Segera Tindaklanjuti Penanganan Tujuh Tersangka","JAKARTA, Kamis (3/9) suaraindonesia-news.com – Anggota DPD RI...
The post Kasus Dugaan Pengeroyokan Siswa di Simeulue, Haji Uma Minta Polisi Segera Tindaklanjuti Penanganan Tujuh Tersangka appeared first on Suara Indonesia.",Suaraindonesia-news.com,2026-09-03 09:26:54+00:00,https://suaraindonesia-news.com/kasus-dugaan-pengeroyokan-siswa-di-simeulue-haji-uma-minta-polisi-segera-tindaklanjuti-penanganan-tujuh-tersangka/
"Proyek Sekolah Rakyat Rp12,6 Miliar di Cepu Blora Disorot, Dinsos P3A Harap Pembangunan Berjalan Tertib","BLORA, Minggu (13/9) suaraindonesia-news.com – Pembangunan Sekolah Rakyat...
The post Proyek Sekolah Rakyat Rp12,6 Miliar di Cepu Blora Disorot, Dinsos P3A Harap Pembangunan Berjalan Tertib appeared first on Suara Indonesia.",Suaraindonesia-news.com,2026-09-13 13:14:44+00:00,https://suaraindonesia-news.com/proyek-sekolah-rakyat-rp126-miliar-di-cepu-blora-disorot-dinsos-p3a-harap-pembangunan-berjalan-tertib/
"Dukung Gerakan Pramuka, BPRS Bhakti Sumekar Raih Penghargaan dari Kwarcab Sumenep","SUMENEP, Jumat (11/09) suaraindonesia-news.com – Kwartir Cabang (Kwarcab)...
The post Dukung Gerakan Pramuka, BPRS Bhakti Sumekar Raih Penghargaan dari Kwarcab Sumenep appeared first on Suara Indonesia.",Suaraindonesia-news.com,2026-09-11 06:42:50+00:00,https://suaraindonesia-news.com/dukung-gerakan-pramuka-bprs-bhakti-sumekar-raih-penghargaan-dari-kwarcab-sumenep/
SKK Migas-KEI Dapat Apresiasi atas Dukungan Pengembangan Kompetensi Guru Pramuka di Kepulauan Sapeken,"SUMENEP, Kamis (10/9) suaraindonesia-news.com – Dukungan SKK Migas-Kangean...
The post SKK Migas-KEI Dapat Apresiasi atas Dukungan Pengembangan Kompetensi Guru Pramuka di Kepulauan Sapeken appeared first on Suara Indonesia.",Suaraindonesia-news.com,2026-09-11 14:11:11+00:00,https://suaraindonesia-news.com/skk-migas-kei-dapat-apresiasi-atas-dukungan-pengembangan-kompetensi-guru-pramuka-di-kepulauan-sapeken/
"Menjaga Amanah dan Membangun Karakter, SD Pertiwi Kota Bogor Komitmen Hadirkan Pendidikan Berkualitas dan Terjangkau","KOTA BOGOR, Jumat (28/08) suaraindonesia-news.com – Sekolah swasta...
The post Menjaga Amanah dan Membangun Karakter, SD Pertiwi Kota Bogor Komitmen Hadirkan Pendidikan Berkualitas dan Terjangkau appeared first on Suara Indonesia.",Suaraindonesia-news.com,2026-08-28 05:03:42+00:00,https://suaraindonesia-news.com/menjaga-amanah-dan-membangun-karakter-sd-pertiwi-kota-bogor-komitmen-hadirkan-pendidikan-berkualitas-dan-terjangkau/
"Disdikbud Pamekasan Tegaskan Pengelolaan Dana BOS Sesuai Juknis, Pembinaan Berlanjut","PAMEKASAN, Rabu (16/09) suaraindonesia-news.com – Dinas Pendidikan dan...
The post Disdikbud Pamekasan Tegaskan Pengelolaan Dana BOS Sesuai Juknis, Pembinaan Berlanjut appeared first on Suara Indonesia.",Suaraindonesia-news.com,2026-09-16 08:41:26+00:00,https://suaraindonesia-news.com/disdikbud-pamekasan-tegaskan-pengelolaan-dana-bos-sesuai-juknis-pembinaan-berlanjut/
Acheh Future Desak Dinas Dayah Aceh Segera Salurkan Ribuan Kitab untuk Santri,"ACEH TIMUR, Jumat (18/09) suaraindonesia-news.com – Lembaga sosial...
The post Acheh Future Desak Dinas Dayah Aceh Segera Salurkan Ribuan Kitab untuk Santri appeared first on Suara Indonesia.",Suaraindonesia-news.com,2026-09-18 13:00:11+00:00,https://suaraindonesia-news.com/acheh-future-desak-dinas-dayah-aceh-segera-salurkan-ribuan-kitab-untuk-santri/
"Genap Dua Tahun Menjabat, Komisi IV DPRD Balikpapan Tegaskan Komitmen Kawal Aspirasi Warga","BALIKPAPAN, Rabu (26/8) suaraindonesia-news.com – Tepat pada 25...
The post Genap Dua Tahun Menjabat, Komisi IV DPRD Balikpapan Tegaskan Komitmen Kawal Aspirasi Warga appeared first on Suara Indonesia.",Suaraindonesia-news.com,2026-08-26 07:12:37+00:00,https://suaraindonesia-news.com/genap-dua-tahun-menjabat-komisi-iv-dprd-balikpapan-tegaskan-komitmen-kawal-aspirasi-warga/
"Dugaan Keracunan MBG di Blora Masuk Ranah Hukum, Pengelola SPPG Sukorejo 2 Diadukan ke Polisi","BLORA, Kamis (10/9) suaraindonesia-news.com – Dugaan gangguan kesehatan...
The post Dugaan Keracunan MBG di Blora Masuk Ranah Hukum, Pengelola SPPG Sukorejo 2 Diadukan ke Polisi appeared first on Suara Indonesia.",Suaraindonesia-news.com,2026-09-10 13:24:15+00:00,https://suaraindonesia-news.com/dugaan-keracunan-mbg-di-blora-masuk-ranah-hukum-pengelola-sppg-sukorejo-2-diadukan-ke-polisi/
Satres Narkoba Polresta Deli Serdang Amankan Dua Pria Diduga Edarkan Sabu,"DELI SERDANG, Kamis (10/9) suaraindonesia-news.com – Satuan Reserse...
The post Satres Narkoba Polresta Deli Serdang Amankan Dua Pria Diduga Edarkan Sabu appeared first on Suara Indonesia.",Suaraindonesia-news.com,2026-09-10 13:12:35+00:00,https://suaraindonesia-news.com/satres-narkoba-polresta-deli-serdang-amankan-dua-pria-diduga-edarkan-sabu/
"Dorong Keadilan Gender, BAPPEDA Sumenep Terapkan PUG Sejak Tahap Perencanaan","SUMENEP, Rabu (16/09) suaraindonesia-news.com – Pemerintah Kabupaten (Pemkab)...
The post Dorong Keadilan Gender, BAPPEDA Sumenep Terapkan PUG Sejak Tahap Perencanaan appeared first on Suara Indonesia.",Suaraindonesia-news.com,2026-09-16 05:47:10+00:00,https://suaraindonesia-news.com/dorong-keadilan-gender-bappeda-sumenep-terapkan-pug-sejak-tahap-perencanaan/
"| Wabah Ebola di Kongo Meluas, 3.226 Orang Tewas - jurnas.com","Sejak wabah dimulai pada pertengahan Mei, sedikitnya 6.686 kasus Ebola telah tercatat, termasuk 3.226 kematian, menurut laporan situasi WHO Afrika",Jurnas.com,2026-09-09 15:08:18+00:00,https://www.jurnas.com/artikel/1665158/wabah-ebola-di-kongo-meluas-3226-orang-tewas/
Promo Shabu Shabu Letasu Set Menu Mulai Rp. 79.000,"Promo Shabu Shabu Letasu Set Menu mulai Rp. 79.000 khusus weekdays pukul 10.00–17.00 dengan pilihan daging, sayuran, soup dan rice. Buat yang ingin menikmati shabu-shabu tanpa memilih paket all you can eat, Shabu Shabu Letasu - [ baca lebih lanjut ] -
The pos…",Katalogpromosi.com,2026-09-08 05:11:33+00:00,https://katalogpromosi.com/promo-shabu-shabu-letasu-set-menu/
Wabah Ebola: Republik Demokratik Kongo menerapkan rencana respons 6 bulan. - Vietnam.vn,"Menurut kantor regional WHO untuk Afrika, per tanggal 2 September, Republik Demokratik Kongo telah mencatat 6.342 kasus dan 3.072 kematian. Wabah tersebut telah menyebar ke 60 pusat kesehatan di 6 provinsi.",Vietnam.vn,2026-09-05 13:56:51+00:00,https://www.vietnam.vn/id/dich-ebola-chdc-congo-trien-khai-ke-hoach-ung-pho-trong-6-thang
hapilibur added to PyPI,"Dataset & pustaka hari libur nasional, cuti bersama, dan jadwal imsakiyah Indonesia (2026). Data murni JSON, bebas dipakai lintas bahasa.",Pypi.org,2026-09-14 03:15:35+00:00,https://pypi.org/project/hapilibur/
"Wabah Ebola di Republik Demokratik Kongo melampaui 7.000 kasus, dengan hampir 3.400 kematian. - Vietnam.vn","VHO - Jumlah infeksi Ebola di Republik Demokratik Kongo (DRC) telah melampaui 7.000 kasus, dengan hampir 3.400 kematian, sementara penyakit ini terus menyebar secara geografis dan memberikan tekanan yang sangat besar pada sistem perawatan kesehatan negara ter…",Vietnam.vn,2026-09-12 09:06:13+00:00,https://www.vietnam.vn/id/dich-ebola-tai-chdc-congo-vuot-7-000-ca-gan-3-400-nguoi-tu-vong
"Wabah Ebola: WHO menyatakan telah memasuki ""momen yang menentukan"" - Vietnam.vn","Menurut angka resmi yang diperbarui per tanggal 22 Agustus, Republik Demokratik Kongo telah mencatat 5.514 kasus dan 2.642 kematian, yang mewakili tingkat kematian sebesar 47,9%, sementara 1.200 pasien telah pulih.",Vietnam.vn,2026-08-25 05:05:13+00:00,https://www.vietnam.vn/id/dich-ebola-who-tuyen-bo-da-buoc-vao-thoi-khac-mang-tinh-quyet-dinh
"Menteri LH Pantau Penanganan Karhutla di Riau, Besok Tinjau Sejumlah Titik di Kalimantan",Jumhur menyebut pemerintah telah menyegel empat area dan menghentikan operasional satu fasilitas industri sebagai tindak lanjut temuan titik panas,Tribunnews.com,2026-08-22 12:37:35+00:00,https://www.tribunnews.com/regional/7872257/menteri-lh-pantau-penanganan-karhutla-di-riau-besok-tinjau-sejumlah-titik-di-kalimantan
Ekonom Celios Soroti Pernyataan Prabowo yang Sebut Pakar Bisa Goblok,Ekonom Celios Nailul Huda menilai pernyataan Prabowo tentang pakar mencerminkan masalah dalam pandangan pemerintah terhadap kajian ilmiah kebijakan.,Idntimes.com,2026-09-19 13:22:17+00:00,https://www.idntimes.com/business/economy/ekonom-celios-soroti-pernyataan-prabowo-yang-sebut-pakar-bisa-goblok-00-gshdq-h0mjcy
"Demo Tertib, Kepala BP Taskin: RUU Perampasan Aset Perkuat Upaya Pemerintah Atasi Kemiskinan",Kepala BP Taskin Budiman Sudjatmiko menilai RUU tersebut penting untuk menutup kebocoran anggaran akibat korupsi.,Tribunnews.com,2026-08-27 13:22:04+00:00,https://www.tribunnews.com/nasional/7874430/demo-tertib-kepala-bp-taskin-ruu-perampasan-aset-perkuat-upaya-pemerintah-atasi-kemiskinan
Belum bisa dipastikan apakah wabah Ebola di Republik Demokratik Kongo telah melewati puncaknya. - Vietnam.vn,VTV.vn - Para pejabat kesehatan memperingatkan bahwa masih terlalu dini untuk mengatakan apakah wabah Ebola di Republik Demokratik Kongo telah mencapai puncaknya.,Vietnam.vn,2026-09-12 08:07:20+00:00,https://www.vietnam.vn/id/chua-the-khang-dinh-dich-ebola-tai-chdc-congo-da-qua-dinh
"Gratis! Pelatihan Digital Marketing Berbasis AI Hadir di Banda Aceh, Ini Syaratnya","DIALEKSIS.COM | Banda Aceh - Pelatihan Pemasaran Digital Menggunakan Kecerdasan Artifisial (AI) akan digelar di Kota Banda Aceh, Aceh, Rabu (23/9/2026).",Dialeksis.com,2026-09-20 06:17:08+00:00,https://dialeksis.com/ekonomi/gratis-pelatihan-digital-marketing-berbasis-ai-hadir-di-banda-aceh-ini-syaratnya/
"Jumlah Bayi yang Lahir di Singapura Makin Dikit, Elon Musk Warning Risiko 'Kepunahan'","Singapura menghadapi resesi seks dengan TFR terendah 0,87. Elon Musk memperingatkan risiko kepunahan populasi.",Detik.com,2026-08-30 04:19:04+00:00,https://health.detik.com/berita-detikhealth/d-8640010/jumlah-bayi-yang-lahir-di-singapura-makin-dikit-elon-musk-warning-risiko-kepunahan
Marketing HIT: Perbedaan antara Menarik Perhatian dan Membangun Kampanye,"JAKARTA, CILACAP.INFO – Salah satu aturan sederhana dalam marketing modern adalah membuat iklan menjadi viral, baik melalui meme maupun selebritas. Orang-orang kemudian akan menyebarkan iklan tersebut melalui media sosial dan aplikasi pesan dengan cepat.",Cilacap.info,2026-08-24 01:14:03+00:00,https://bisnis.cilacap.info/ci-99002/marketing-hit-perbedaan-antara-menarik-perhatian-dan-membangun-kampanye
Apa yang Harus Dilakukan Jika Terlanjur Terpapar Abu Vulkanik?,Apa yang harus dilakukan jika terlanjur terpapar abu vulkanik? Simak cara aman membersihkan abu dan melindungi diri jika terlanjut terpapar berikut.,Idntimes.com,2026-09-07 05:43:40+00:00,https://www.idntimes.com/health/medical/apa-yang-harus-dilakukan-jika-terlanjur-terpapar-abu-vulkanik-q9t01-00-s66xw-z6d5lq
Pekerjaan Talud Jalan di Desa Medani Baru Mencapai 30 Persen,"PATI, Rabu (26/08) suaraindonesia-news.com – Pekerjaan pembangunan talud...
The post Pekerjaan Talud Jalan di Desa Medani Baru Mencapai 30 Persen appeared first on Suara Indonesia.",Suaraindonesia-news.com,2026-08-26 08:02:42+00:00,https://suaraindonesia-news.com/pekerjaan-talud-jalan-di-desa-medani-baru-mencapai-30-persen/
KONI Balikpapan Pastikan Keberangkatan Atlet di Porprov Kaltim 2026,"BALIKPAPAN, Senin (24/8) suaraindonesia-news.com – Komite Olahraga Nasional...
The post KONI Balikpapan Pastikan Keberangkatan Atlet di Porprov Kaltim 2026 appeared first on Suara Indonesia.",Suaraindonesia-news.com,2026-08-24 12:17:15+00:00,https://suaraindonesia-news.com/koni-balikpapan-pastikan-keberangkatan-atlet-di-porprov-kaltim-2026/
"Bupati Kholilurrahman Lantik 64 PNS Baru, Tekankan Pengabdian dan Pelayanan Publik","PAMEKASAN, Senin (24/08) suaraindonesia-news.com – Bupati Pamekasan Dr....
The post Bupati Kholilurrahman Lantik 64 PNS Baru, Tekankan Pengabdian dan Pelayanan Publik appeared first on Suara Indonesia.",Suaraindonesia-news.com,2026-08-24 05:36:39+00:00,https://suaraindonesia-news.com/bupati-kholilurrahman-lantik-64-pns-baru-tekankan-pengabdian-dan-pelayanan-publik/
"Pemkab Blora Resmi Operasikan ULT P4GN, Didorong Jadi Langkah Awal Pembentukan BNNK","BLORA, Jumat (28/8) suaraindonesia-news.com – Pemerintah Kabupaten (Pemkab)...
The post Pemkab Blora Resmi Operasikan ULT P4GN, Didorong Jadi Langkah Awal Pembentukan BNNK appeared first on Suara Indonesia.",Suaraindonesia-news.com,2026-08-28 12:50:37+00:00,https://suaraindonesia-news.com/pemkab-blora-resmi-operasikan-ult-p4gn-didorong-jadi-langkah-awal-pembentukan-bnnk/
"Belasan Hektar Sawah Di Langkahan Terancam Gagal Panen, Diduga Akibat Salah Benih Padi","ACEH UTARA, Kamis (27/08) suaraindonesia-news.com – Belasan hektar...
The post Belasan Hektar Sawah Di Langkahan Terancam Gagal Panen, Diduga Akibat Salah Benih Padi appeared first on Suara Indonesia.",Suaraindonesia-news.com,2026-08-27 16:53:42+00:00,https://suaraindonesia-news.com/belasan-hektar-sawah-di-langkahan-terancam-gagal-panen-diduga-akibat-salah-benih-padi/
"Percepat Layanan Masyarakat, Sekjen ATR/BPN Paparkan Tiga Langkah Transformasi Pertanahan","JAKARTA, Selasa (1/9) suaraIndonesia-news.com – Kementerian Agraria dan...
The post Percepat Layanan Masyarakat, Sekjen ATR/BPN Paparkan Tiga Langkah Transformasi Pertanahan appeared first on Suara Indonesia.",Suaraindonesia-news.com,2026-09-01 08:38:01+00:00,https://suaraindonesia-news.com/percepat-layanan-masyarakat-sekjen-atr-bpn-paparkan-tiga-langkah-transformasi-pertanahan/
Kabar Gembira! Pemkot Balikpapan Beri Relaksasi Penghapusan Denda Pajak hingga 30 September 2026,"BALIKPAPAN, Jam’at (4/9) suaraindonesia-news.com – Pemerintah Kota Balikpapan...
The post Kabar Gembira! Pemkot Balikpapan Beri Relaksasi Penghapusan Denda Pajak hingga 30 September 2026 appeared first on Suara Indonesia.",Suaraindonesia-news.com,2026-09-04 06:13:56+00:00,https://suaraindonesia-news.com/kabar-gembira-pemkot-balikpapan-beri-relaksasi-penghapusan-denda-pajak-hingga-30-september-2026/
Pemdes Sapeken Sampaikan Keberatan terhadap Rencana Pembangunan Eco Resort Pulau Sitabok,"SUMENEP, Kamis (3/9) suaraindonesia-news.com – Pemerintah Desa Sapeken,...
The post Pemdes Sapeken Sampaikan Keberatan terhadap Rencana Pembangunan Eco Resort Pulau Sitabok appeared first on Suara Indonesia.",Suaraindonesia-news.com,2026-09-03 03:21:21+00:00,https://suaraindonesia-news.com/pemdes-sapeken-sampaikan-keberatan-terhadap-rencana-pembangunan-eco-resort-pulau-sitabok/
LPA Deli Serdang Protes Penghentian MBG untuk Balita di Pantai Labu,"DELI SERDANG, Kamis (10/9) suaraindonesia-news.com – Lembaga Perlindungan...
The post LPA Deli Serdang Protes Penghentian MBG untuk Balita di Pantai Labu appeared first on Suara Indonesia.",Suaraindonesia-news.com,2026-09-10 13:43:45+00:00,https://suaraindonesia-news.com/lpa-deli-serdang-protes-penghentian-mbg-untuk-balita-di-pantai-labu/
"​Sengketa Lahan Fasum, Kuasa Hukum Warga Ancam Tutup Akses Jalan Tamansari Jika Pemkot Balikpapan Tidak Bayar Ganti Rugi","​BALIKPAPAN, Selasa (8/7) suaraindonesia-newa.com – Penanganan sengketa lahan...
The post ​Sengketa Lahan Fasum, Kuasa Hukum Warga Ancam Tutup Akses Jalan Tamansari Jika Pemkot Balikpapan Tidak Bayar Ganti Rugi appeared first on Suara Indonesia.",Suaraindonesia-news.com,2026-09-08 04:14:59+00:00,https://suaraindonesia-news.com/sengketa-lahan-fasum-kuasa-hukum-warga-ancam-tutup-akses-jalan-tamansari-jika-pemkot-balikpapan-tidak-bayar-ganti-rugi/
"Sikapi Dampak Asap Karhutla, Sofyan Jufri Ingatkan Pemkot Balikpapan Ambil Langkah Konkret : Jangan Menunggu Ada Korban Baru Bergerak!","​BALIKPAPAN, Selasa (8/9) suaraindonesia-news.com – Ancaman penyakit Infeksi...
The post Sikapi Dampak Asap Karhutla, Sofyan Jufri Ingatkan Pemkot Balikpapan Ambil Langkah Konkret : Jangan Menunggu Ada Korban Baru Bergerak! appeared first on Suara Indonesia.",Suaraindonesia-news.com,2026-09-08 13:50:59+00:00,https://suaraindonesia-news.com/sikapi-dampak-asap-karhutla-sofyan-jufri-ingatkan-pemkot-balikpapan-ambil-langkah-konkret-jangan-menunggu-ada-korban-baru-bergerak/
"Kunjungi DPC PPP Pamekasan, Mardiono Apresiasi Perolehan Suara PPP di Madura Raya","PAMEKASAN, Jumat (4/9) suaraindonesia-news.com – Ketua Umum DPP...
The post Kunjungi DPC PPP Pamekasan, Mardiono Apresiasi Perolehan Suara PPP di Madura Raya appeared first on Suara Indonesia.",Suaraindonesia-news.com,2026-09-04 12:17:33+00:00,https://suaraindonesia-news.com/kunjungi-dpc-ppp-pamekasan-mardiono-apresiasi-perolehan-suara-ppp-di-madura-raya/
"Pisah Sambut Kapolres Tanjab Barat, AKBP Ramadhanil Tekankan Kolaborasi dan Pelayanan Masyarakat","KUALA TUNGKAL, Jumat (11/9) suaraindonesia-news.com – Polres Tanjung...
The post Pisah Sambut Kapolres Tanjab Barat, AKBP Ramadhanil Tekankan Kolaborasi dan Pelayanan Masyarakat appeared first on Suara Indonesia.",Suaraindonesia-news.com,2026-09-11 09:41:11+00:00,https://suaraindonesia-news.com/pisah-sambut-kapolres-tanjab-barat-akbp-ramadhanil-tekankan-kolaborasi-dan-pelayanan-masyarakat/
"Rapat DPD RI Subwilayah Barat I di Batam, Wagub Aceh dan Haji Uma Dorong Percepatan Rekonstruksi Pascabencana","BATAM, Sabtu (12/9) suaraindonesia-news.com – Wakil Gubernur Aceh...
The post Rapat DPD RI Subwilayah Barat I di Batam, Wagub Aceh dan Haji Uma Dorong Percepatan Rekonstruksi Pascabencana appeared first on Suara Indonesia.",Suaraindonesia-news.com,2026-09-12 06:36:47+00:00,https://suaraindonesia-news.com/rapat-dpd-ri-subwilayah-barat-i-di-batam-wagub-aceh-dan-haji-uma-dorong-percepatan-rekonstruksi-pascabencana/
"Jenazah ABK Kapal Virgo Tiba di Rumah Duka, Bupati Pamekasan Sampaikan Belasungkawa","PAMEKASAN, Rabu (16/09) suaraindonesia-news.com – Suasana duka menyelimuti...
The post Jenazah ABK Kapal Virgo Tiba di Rumah Duka, Bupati Pamekasan Sampaikan Belasungkawa appeared first on Suara Indonesia.",Suaraindonesia-news.com,2026-09-16 08:33:58+00:00,https://suaraindonesia-news.com/jenazah-abk-kapal-virgo-tiba-di-rumah-duka-bupati-pamekasan-sampaikan-belasungkawa/
Pemkab Abdya dan Perusahaan Bahas Optimalisasi Pemanfaatan Dana CSR,"ABDYA, Kamis (17/09) suaraindonesia-news.com – Pemerintah Kabupaten Aceh...
The post Pemkab Abdya dan Perusahaan Bahas Optimalisasi Pemanfaatan Dana CSR appeared first on Suara Indonesia.",Suaraindonesia-news.com,2026-09-17 13:42:03+00:00,https://suaraindonesia-news.com/pemkab-abdya-dan-perusahaan-bahas-optimalisasi-pemanfaatan-dana-csr/
Stan Bappeda Sumenep Raih Predikat Enam Terbaik di Madura Night Vaganza 2026,"SUMENEP, Selasa (15/09) suaraindonesia-news.com – Informasi pembangunan daerah...
The post Stan Bappeda Sumenep Raih Predikat Enam Terbaik di Madura Night Vaganza 2026 appeared first on Suara Indonesia.",Suaraindonesia-news.com,2026-09-15 07:54:43+00:00,https://suaraindonesia-news.com/stan-bappeda-sumenep-raih-predikat-enam-terbaik-di-madura-night-vaganza-2026/
Bappeda Sumenep Aktifkan Kembali PosCurhat sebagai Ruang Partisipasi Masyarakat,"SUMENEP, Rabu (16/09) suaraindonesia-news.com – Badan Perencanaan Pembangunan...
The post Bappeda Sumenep Aktifkan Kembali PosCurhat sebagai Ruang Partisipasi Masyarakat appeared first on Suara Indonesia.",Suaraindonesia-news.com,2026-09-16 02:33:47+00:00,https://suaraindonesia-news.com/bappeda-sumenep-aktifkan-kembali-poscurhat-sebagai-ruang-partisipasi-masyarakat/
"Wamen ATR/BPN Serahkan Sertifikat Tanah untuk MBR di Kalsel, Dukung Penyediaan Rumah Layak Huni","BANJAR, Senin (21/09) suaraindonesia-news.com – Kementerian Agraria dan...
The post Wamen ATR/BPN Serahkan Sertifikat Tanah untuk MBR di Kalsel, Dukung Penyediaan Rumah Layak Huni appeared first on Suara Indonesia.",Suaraindonesia-news.com,2026-09-21 15:03:10+00:00,https://suaraindonesia-news.com/wamen-atr-bpn-serahkan-sertifikat-tanah-untuk-mbr-di-kalsel-dukung-penyediaan-rumah-layak-huni/
"Wabup Abdya Gelar Silaturahmi Bersama Mantan Pimpinan, Anggota DPRK dan Tokoh Politik Lintas Partai","ABDYA, Minggu (20/9) suaraindonesia-news.com – Untuk merajut komunikasi...
The post Wabup Abdya Gelar Silaturahmi Bersama Mantan Pimpinan, Anggota DPRK dan Tokoh Politik Lintas Partai appeared first on Suara Indonesia.",Suaraindonesia-news.com,2026-09-20 10:23:24+00:00,https://suaraindonesia-news.com/wabup-abdya-gelar-silaturahmi-bersama-mantan-pimpinan-anggota-dprk-dan-tokoh-politik-lintas-partai/
"Penantian Enam Bulan Berakhir, 13 Nelayan Aceh Timur Dipulangkan dari Thailand","JAKARTA, Sabtu (19/09) suaraindonesia-news.com – Penantian selama sekitar...
The post Penantian Enam Bulan Berakhir, 13 Nelayan Aceh Timur Dipulangkan dari Thailand appeared first on Suara Indonesia.",Suaraindonesia-news.com,2026-09-19 06:41:24+00:00,https://suaraindonesia-news.com/penantian-enam-bulan-berakhir-13-nelayan-aceh-timur-dipulangkan-dari-thailand/
"Wabup Sumenep: Jabatan Bukan Sekadar Kepercayaan, tetapi Amanah untuk Kerja Nyata","SUMENEP, Jumat (18/09) suaraindonesia-news.com – Para pejabat yang...
The post Wabup Sumenep: Jabatan Bukan Sekadar Kepercayaan, tetapi Amanah untuk Kerja Nyata appeared first on Suara Indonesia.",Suaraindonesia-news.com,2026-09-18 13:34:38+00:00,https://suaraindonesia-news.com/wabup-sumenep-jabatan-bukan-sekadar-kepercayaan-tetapi-amanah-untuk-kerja-nyata/
"Bupati Kholilurrahman Lantik 57 PNS Baru, Tekankan Pengabdian dan Pelayanan Publik","PAMEKASAN, Senin (24/08) suaraindonesia-news.com – Bupati Pamekasan Dr....
The post Bupati Kholilurrahman Lantik 57 PNS Baru, Tekankan Pengabdian dan Pelayanan Publik appeared first on Suara Indonesia.",Suaraindonesia-news.com,2026-08-24 05:36:39+00:00,https://suaraindonesia-news.com/bupati-kholilurrahman-lantik-57-pns-baru-tekankan-pengabdian-dan-pelayanan-publik/
"Berlaku Mulai 1 September, Ini Aturan Baru Jam Pengisian Pertalite dan Biosolar di Balikpapan","BALIKPAPAN, Selasa (25/8) suaraindonesia-news.com – Pemerintah Kota Balikpapan...
The post Berlaku Mulai 1 September, Ini Aturan Baru Jam Pengisian Pertalite dan Biosolar di Balikpapan appeared first on Suara Indonesia.",Suaraindonesia-news.com,2026-08-24 23:13:06+00:00,https://suaraindonesia-news.com/berlaku-mulai-1-september-ini-aturan-baru-jam-pengisian-pertalite-dan-biosolar-di-balikpapan/
"Paripurna DPRD Pamekasan Kembali Gagal Kuorum, Hanya 28 dari 45 Anggota Hadir","PAMEKASAN, Rabu (2/9) suaraindonesia-news.com – Sidang Paripurna DPRD...
The post Paripurna DPRD Pamekasan Kembali Gagal Kuorum, Hanya 28 dari 45 Anggota Hadir appeared first on Suara Indonesia.",Suaraindonesia-news.com,2026-09-02 09:01:35+00:00,https://suaraindonesia-news.com/paripurna-dprd-pamekasan-kembali-gagal-kuorum-hanya-28-dari-45-anggota-hadir/
"JMSI Sumenep Tanam 1.500 Bibit Mangrove di Pantai Matahari, Dorong Kepedulian terhadap Lingkungan Pesisir","SUMENEP, Jumat (28/8) suaraindonesia-news.com – Jaringan Media Siber...
The post JMSI Sumenep Tanam 1.500 Bibit Mangrove di Pantai Matahari, Dorong Kepedulian terhadap Lingkungan Pesisir appeared first on Suara Indonesia.",Suaraindonesia-news.com,2026-08-28 15:16:07+00:00,https://suaraindonesia-news.com/jmsi-sumenep-tanam-1-500-bibit-mangrove-di-pantai-matahari-dorong-kepedulian-terhadap-lingkungan-pesisir/
Wakil Ketua DPRD Balikpapan Yono Suherman Terima Kunker Legislatif Samarinda,"BALIKPAPAN, Senin (31/8) suaraindonesia-news.com – Wakil Ketua Dewan...
The post Wakil Ketua DPRD Balikpapan Yono Suherman Terima Kunker Legislatif Samarinda appeared first on Suara Indonesia.",Suaraindonesia-news.com,2026-08-31 06:03:54+00:00,https://suaraindonesia-news.com/wakil-ketua-dprd-balikpapan-yono-suherman-terima-kunker-legislatif-samarinda/
"Sinergi Antarinstansi, Kepala Kantah Kota Bogor Hadiri Temu Pamit Kajari","KOTA BOGOR, Selasa (1/9) suaraIndonesia-news.com – Kepala Kantor...
The post Sinergi Antarinstansi, Kepala Kantah Kota Bogor Hadiri Temu Pamit Kajari appeared first on Suara Indonesia.",Suaraindonesia-news.com,2026-09-01 08:32:13+00:00,https://suaraindonesia-news.com/sinergi-antarinstansi-kepala-kantah-kota-bogor-hadiri-temu-pamit-kajari/
"Wabah Ebola di Kongo telah menyebar ke dua wilayah kesehatan baru, meningkatkan risiko penyebarannya yang tak terkendali. - Vietnam.vn","ANTD.VN - Wabah Ebola di Kongo, yang digambarkan oleh pejabat kesehatan sebagai wabah dengan penyebaran tercepat dalam sejarah penyakit ini, terus menyebar ke dua wilayah kesehatan baru, meningkatkan kekhawatiran tentang risiko kehilangan kendali atas epidemi…",Vietnam.vn,2026-08-30 04:20:24+00:00,https://www.vietnam.vn/id/dich-ebola-tai-congo-lan-sang-hai-khu-vuc-y-te-moi-nguy-co-mat-kiem-soat
"Wabah Ebola Kembali Landa RD Kongo, 3.475 Pasien Meninggal Dunia - Indonesia Satu",Menteri Kesehatan RD Kongo Roger Kamba Mulamba menyatakan bahwa penularan varian Bundibugyo menunjukkan tanda-tanda melambat.,Indonesiasatu.co,2026-09-17 10:35:00+00:00,https://indonesiasatu.co/detail/wabah-ebola-kembali-landa-rd-kongo--3-475-pasien-meninggal-dunia
Promo Tempo Store 9.9 Diskon hingga 50%,"Promo Tempo Store 9.9 diskon hingga 50% untuk kebutuhan keluarga dan kesehatan, berlaku melalui halaman Promo 9.9 di Blibli pada 9 September 2026.  Promo Tempo Store 9.9 di Blibli bisa jadi kesempatan menarik untuk - [ baca lebih lanjut ] -
The post Promo T…",Katalogpromosi.com,2026-09-09 02:20:51+00:00,https://katalogpromosi.com/promo-tempo-store-9-9-diskon-hingga-50/
Korban Meninggal Akibat Wabah Ebola di Kongo Tembus 3.000 Orang - Media Indonesia,Jumlah kematian akibat wabah Ebola di Republik Demokratik Kongo DRC melampaui 3000 jiwa WHO kirim 70 ribu dosis vaksin Ervebo untuk tenaga kesehatan,Mediaindonesia.com,2026-09-02 17:07:56+00:00,https://mediaindonesia.com/internasional/928962/korban-meninggal-akibat-wabah-ebola-di-kongo-tembus-3000-orang
Promo Guardian Mampang Grand Opening Voucher Rp. 25.000,"Promo Guardian Mampang Grand Opening Voucher Rp. 25.000 dan tote bag gratis, berlaku 28 Agustus – 10 September 2026 di Ruko Mampang Business Park! Guardian kini ada di Ruko Mampang Business Park!  Rayakan grand - [ baca lebih lanjut ] -
The post Promo Gua…",Katalogpromosi.com,2026-08-31 06:20:18+00:00,https://katalogpromosi.com/promo-guardian-mampang-grand-opening-voucher-rp-25-000/
Wabah Ebola di Republik Demokratik Kongo berkembang dengan cara yang kompleks. - Vietnam.vn,"Organisasi Kesehatan Dunia (WHO) memperingatkan bahwa wabah Ebola di Republik Demokratik Kongo semakin kompleks, dengan angka kematian di masyarakat mencapai 75% dalam seminggu terakhir.",Vietnam.vn,2026-09-10 06:11:01+00:00,https://www.vietnam.vn/id/dich-ebola-tai-chdc-congo-dien-bien-phuc-tap
Promo Watsons 9.9 Super Sale Diskon hingga 70%,"Promo Watsons 9.9 Super Sale Diskon hingga 70% dengan voucher hingga Rp100.000 dan flash sale berlaku 9–11 September 2026. Watsons 9.9 Super Sale hadir dengan promo bertubi-tubi✨ Saatnya borong lebih banyak dan belanja lebih hemat - [ baca lebih lanjut ] -
…",Katalogpromosi.com,2026-09-09 07:33:32+00:00,https://katalogpromosi.com/promo-watsons-9-9-super-sale-diskon-hingga-70/
"Meski Kasus Meningkat Signifikan, Wabah Ebola Bundibugyo di Kongo Belum Pandemi - kontan.co.id","Meski terjadi peningkatan kasus signifikan, WHO tetap menyatakan wabah Ebola Bundibugyo di Republik Demokratik Kongo belum pandemi.",Kontan.co.id,2026-08-31 05:18:32+00:00,https://momsmoney.kontan.co.id/news/meski-kasus-meningkat-signifikan-wabah-ebola-bundibugyo-di-kongo-belum-pandemi
Promo Shopee Supermarket Diskon Vitamin hingga 20%,"Promo Shopee Supermarket Vitamin Diskon hingga 20% untuk kebutuhan suplemen dan nutrisi keluarga, berlaku selama persediaan masih ada. Lengkapi kebutuhan vitamin dan suplemen kesehatan keluarga kesayangan Anda dengan promo spesial dari Shopee Supermarket! …",Katalogpromosi.com,2026-09-18 07:47:46+00:00,https://katalogpromosi.com/promo-shopee-supermarket-diskon-vitamin-hingga-20/
"Wabah Ebola di RD Kongo Tembus 7.200 Kasus, 3.475 Pasien Meninggal Dunia - news.okezone.com","Ebola -- UgandaWabah Ebola di RD Kongo Tembus 7.200 Kasus, 3.475 Pasien Meninggal Dunia  news.okezone.com",Okezone.com,2026-09-14 23:05:28+00:00,https://news.okezone.com/read/2026/09/15/18/3242075/wabah-ebola-di-rd-kongo-tembus-7-200-kasus-3-475-pasien-meninggal-dunia
Wabah Ebola Kongo Capai 3.267 Kematian - metapos.id,"Metapos.id, Jakarta - Jumlah kasus terkonfirmasi Ebola di Republik Demokratik Kongo (RD Kongo) terus bertambah hingga mencapai 6.757 kasus sejak",Metapos.id,2026-09-10 06:11:01+00:00,https://www.metapos.id/wabah-ebola-kongo-capai-3-267-kematian/
"100 Hari Wabah Ebola, RD Kongo Perluas Upaya Hentikan Penyebaran - IDN Times","Wabah Ebola di RD Kongo telah mencatat 5.515 kasus dan 2.642 kematian dalam 100 hari, saat WHO menyerukan peningkatan tanggap darurat internasional.",Idntimes.com,2026-08-27 06:16:00+00:00,https://www.idntimes.com/news/world/100-hari-wabah-ebola-rd-kongo-perluas-upaya-hentikan-penyebaran-c1c2-01-y12lt-lq33qw
Promo Watsons 9.9 Super Sale Diskon hingga 50%,"Promo Watsons 9.9 Super Sale diskon hingga 50% dan voucher Rp75.000, berlaku mulai tanggal 1-8 September 2026 via online.  Pemanasan 9.9 Super Sale siap dimulai! Promo Watsons 9.9 Super Sale bisa jadi momen pas - [ baca lebih lanjut ] -
The post Promo Watso…",Katalogpromosi.com,2026-09-08 06:06:32+00:00,https://katalogpromosi.com/promo-watsons-9-9-super-sale-diskon-hingga-50/
Promo JSM Indomaret 17-20 September 2026 Minggu Ini,Promo JSM Indomaret Terbaru periode 17-20 September 2026 khusus Weekend / Akhir Pekan . Dapatkan berbagai penawaran menarik selama promo INDOMARET berlangsung Promo JSM INDOMARET MINGGU INI 17-20 September 2026 Promo JSM INDOMARET Minggu ini - [ baca lebih la…,Katalogpromosi.com,2026-09-16 03:57:42+00:00,https://katalogpromosi.com/promo-jsm-indomaret-17-20-september-2026/
Promo Guardian Super Weekend Deals Diskon hingga 50%,"Promo Guardian Super Weekend Deals diskon hingga 50% + voucher Rp30.000 dan gratis ongkir, berlaku 17 – 20 September 2026 di Guardian. Weekend tiba, saatnya belanja hemat! Nikmati diskon sampai 50% spesial akhir pekan ini - [ baca lebih lanjut ] -
The post Pr…",Katalogpromosi.com,2026-09-17 03:40:02+00:00,https://katalogpromosi.com/promo-guardian-super-weekend-deals-diskon-sale/
Diet Ekstrem Bisa Berdampak pada Kesehatan Sendi Lutut,Diet ekstrem bisa berdampak pada lutut. Kenali cara menurunkan berat badan yang tepat dan aman.,Liputan6.com,2026-08-31 08:31:31+00:00,https://kesehatan.liputan6.com/diet-dan-kebugaran/read/8281282/diet-ekstrem-bisa-berdampak-pada-kesehatan-sendi-lutut
"Super Popland Super Indo Maguwoharjo, Ada Yoga hingga Noraebang","Super Popland Super Indo Maguwoharjo berlangsung 5 September 2026 di Yogyakarta dengan yoga, noraebang, bazaar, promo, freebies, dan doorprize. Belum punya agenda weekend di Yogyakarta? Super Indo Maguwoharjo punya event Super Popland yang berlangsung pada - …",Katalogpromosi.com,2026-09-04 11:21:57+00:00,https://katalogpromosi.com/super-popland-super-indo-maguwoharjo-yogyakarta/
"Abu Vulkanik Anak Krakatau Masuk Jabodetabek, Dokter Tirta Ungkap Cara Tepat Membersihkannya","Dokter Tirta membagikan cara tepat membersihkan abu vulkanik Gunung Anak Krakatau. Jangan disapu, basahi dengan air agar abu tidak beterbangan dan terhirup.",Inews.id,2026-09-06 04:18:33+00:00,https://www.inews.id/lifestyle/health/abu-vulkanik-anak-krakatau-masuk-jabodetabek-dokter-tirta-ungkap-cara-tepat-membersihkannya
Berapa Batas Maksimal Telur yang Dikonsumsi Dalam Sehari? Intip Saran Dokter Gizi,"Telur menjadi salah satu sumber protein favorit masyarakat, karena harganya yang terjangkau dan praktis diolah. Lantas, berapa batas maksimal mengonsumsinya?",Detik.com,2026-09-12 03:51:08+00:00,https://health.detik.com/diet/d-8658921/berapa-batas-maksimal-telur-yang-dikonsumsi-dalam-sehari-intip-saran-dokter-gizi
"Nanda Arsyinta Melahirkan Bayi Kembar Laki-Laki dan Perempuan, Resmi Jadi Ibu Tiga Anak","Selebgram Nanda Arsyinta resmi menyambut kelahiran bayi kembar laki-laki dan perempuan pada Rabu, 26 Agustus 2026, bersama sang suami, Ardya Tridwantoro.",Kapanlagi.com,2026-08-29 08:06:31+00:00,https://www.kapanlagi.com/showbiz/selebriti/nanda-arsyinta-melahirkan-bayi-kembar-resmi-jadi-ibu-dari-tiga-anak-0a22f32b1a.html
"Kasusnya Diduga Meningkat, Apa Itu Influenza A?","Influenza A merupakan penyebab flu musiman. Data Kemenkes menunjukkan H1N1 mendominasi temuan positif, sementara aktivitas influenza masih rendah.",Idntimes.com,2026-09-13 10:24:02+00:00,https://www.idntimes.com/health/medical/apa-itu-influenza-a-00-92d83-216470
"'Super Flu' Terdeteksi di 13 Provinsi, IDAI Wanti-wanti Risikonya pada Anak","Kasus Influenza A meningkat di Indonesia, terutama pada anak-anak. IDAI mengingatkan pentingnya deteksi dini dan vaksinasi untuk mencegah komplikasi serius.",Detik.com,2026-09-22 02:13:19+00:00,https://health.detik.com/berita-detikhealth/d-8673400/super-flu-terdeteksi-di-13-provinsi-idai-wanti-wanti-risikonya-pada-anak
"Pesan Menkes soal Abu Anak Krakatau: Pakai Masker, Jangan Dikucek Jika Kena Mata","Menkes Budi G Sadikin merespons sebaran abu vulkanik imbas erupsi Gunung Anak Krakatau. Paparan abu paling berdampak pada 3 hal: pernapasan, mata, dan kulit.",Detik.com,2026-09-06 05:04:38+00:00,https://health.detik.com/berita-detikhealth/d-8650628/pesan-menkes-soal-abu-anak-krakatau-pakai-masker-jangan-dikucek-jika-kena-mata
Apa Itu 'Super Flu'? Kemenkes RI Sudah Temukan di 13 Provinsi,Kemenkes mengungkap 'Super Flu' atau istilah populer untuk menyebut influenza A(H3N2) subclade K sudah terdeteksi di 13 provinsi. Ini gejalanya.,Detik.com,2026-09-22 07:14:14+00:00,https://health.detik.com/berita-detikhealth/d-8673916/apa-itu-super-flu-kemenkes-ri-sudah-temukan-di-13-provinsi?page=komentar
Chronic Venous Insufficiency: Penyebab dan Penanganan,"Chronic Venous Insufficiency terjadi saat vena tungkai sulit mengalirkan darah ke jantung. Kenali faktor risiko, gejala, diagnosis, dan penanganannya.",Popmama.com,2026-09-11 09:59:04+00:00,https://www.popmama.com/life/health/chronic-venous-insufficiency-00-1xg6q-bd4msc
Risiko Tersembunyi di Balik Tren 'Detox' Minum Air Lemon Tiap Pagi,"Minum air lemon ataupun infused water jeruk konon bisa buat 'detoks' pencernaan. Hati-hati, niat mau sehat malah bisa mengikis enamel gigi kalau tak hati-hati.",Detik.com,2026-09-07 04:22:41+00:00,https://health.detik.com/berita-detikhealth/d-8651469/risiko-tersembunyi-di-balik-tren-detox-minum-air-lemon-tiap-pagi
Pakar Urologi Ungkap Alasan Kasus Batu Ginjal di RI Tinggi,Indonesia termasuk dalam 'stone belt of the world' dengan kasus batu ginjal tinggi. Faktor iklim dan gaya hidup berperan besar dalam fenomena ini.,Detik.com,2026-08-27 07:50:28+00:00,https://health.detik.com/berita-detikhealth/d-8636564/pakar-urologi-ungkap-alasan-kasus-batu-ginjal-di-ri-tinggi
"Gaduh Skin Booster 'Kulit Mayat', BPOM hingga Perhimpunan Dokter Kulit Angkat Bicara","Tren skin booster ""kulit mayat"" dari Korea Selatan memicu kontroversi. BPOM dan PERDOSKI mengingatkan risiko medis dan legalitas penggunaannya di Indonesia.",Detik.com,2026-09-20 02:13:19+00:00,https://health.detik.com/berita-detikhealth/d-8670413/gaduh-skin-booster-kulit-mayat-bpom-hingga-perhimpunan-dokter-kulit-angkat-bicara
"Turun 70-an Kg Berdua, Pasangan Ini Bagikan Pengalaman Operasi Bariatrik",Pasangan Inggris Ellie dan Rhys Jefferies berhasil menurunkan berat badan setelah operasi bariatrik. Ketahui perjalanan dan risikonya di sini.,Detik.com,2026-08-30 03:45:08+00:00,https://health.detik.com/berita-detikhealth/d-8640011/turun-70-an-kg-berdua-pasangan-ini-bagikan-pengalaman-operasi-bariatrik
"Gerak Cepat Pemkab Blora, Wabup Sri Setyorini Tinjau dan Salurkan Bantuan untuk Warga Rentan di Jurangjero","BLORA, Senin (31/08) suaraindonesia-news.com – Wakil Bupati Blora,...
The post Gerak Cepat Pemkab Blora, Wabup Sri Setyorini Tinjau dan Salurkan Bantuan untuk Warga Rentan di Jurangjero appeared first on Suara Indonesia.",Suaraindonesia-news.com,2026-08-31 12:25:24+00:00,https://suaraindonesia-news.com/gerak-cepat-pemkab-blora-wabup-sri-setyorini-tinjau-dan-salurkan-bantuan-untuk-warga-rentan-di-jurangjero/
"Paripurna DPRD Pamekasan Kembali Gagal Korum, Hanya 18 dari 45 Anggota Hadir","PAMEKASAN, Rabu (2/9) suaraindonesia-news.com – Sidang Paripurna DPRD...
The post Paripurna DPRD Pamekasan Kembali Gagal Korum, Hanya 18 dari 45 Anggota Hadir appeared first on Suara Indonesia.",Suaraindonesia-news.com,2026-09-02 09:01:35+00:00,https://suaraindonesia-news.com/paripurna-dprd-pamekasan-kembali-gagal-kuorum-hanya-18-dari-45-anggota-hadir/
"Viral Bantuan RTLH di Blora, Kades Gagakan Belum Beri Tanggapan Soal Warga Miskin yang Belum Tersentuh Bantuan","BLORA, Sabtu (12/9) suaraindonesia-news.com – Pemberitaan mengenai Mbah...
The post Viral Bantuan RTLH di Blora, Kades Gagakan Belum Beri Tanggapan Soal Warga Miskin yang Belum Tersentuh Bantuan appeared first on Suara Indonesia.",Suaraindonesia-news.com,2026-09-12 13:21:52+00:00,https://suaraindonesia-news.com/viral-bantuan-rtlh-di-blora-kades-gagakan-belum-beri-tanggapan-soal-warga-miskin-yang-belum-tersentuh-bantuan/
"Menyongsong Hari Pelanggan Nasional 2026, PLN UP3 Madura Raih 14 Penghargaan di Raker UID Jatim","PANDAAN, Jumat (28/08) suaraindonesia-news.com – Menyongsong peringatan Hari...
The post Menyongsong Hari Pelanggan Nasional 2026, PLN UP3 Madura Raih 14 Penghargaan di Raker UID Jatim appeared first on Suara Indonesia.",Suaraindonesia-news.com,2026-08-28 04:57:41+00:00,https://suaraindonesia-news.com/menyongsong-hari-pelanggan-nasional-2026-pln-up3-madura-raih-14-penghargaan-di-raker-uid-jatim/
Sekitar 200 Warga Desa Tirtomoyo Ikuti Jalan Sehat dan Berburu Doorprize,"MALANG, Minggu (30/08) suaraindonesia-news.com – Sekitar 200 warga...
The post Sekitar 200 Warga Desa Tirtomoyo Ikuti Jalan Sehat dan Berburu Doorprize appeared first on Suara Indonesia.",Suaraindonesia-news.com,2026-08-30 04:57:15+00:00,https://suaraindonesia-news.com/sekitar-200-warga-desa-tirtomoyo-ikuti-jalan-sehat-dan-berburu-doorprize/
"Ratusan Siswa SMAN 1 Tunjungan Blora Diduga Alami Gangguan Kesehatan, Satgas MBG Usulkan Penutupan SPPG Sukorejo 2","BLORA, Selasa (08/09) suaraindonesia-news.com – Sebanyak 133 siswa...
The post Ratusan Siswa SMAN 1 Tunjungan Blora Diduga Alami Gangguan Kesehatan, Satgas MBG Usulkan Penutupan SPPG Sukorejo 2 appeared first on Suara Indonesia.",Suaraindonesia-news.com,2026-09-08 13:58:08+00:00,https://suaraindonesia-news.com/ratusan-siswa-sman-1-tunjungan-blora-diduga-alami-gangguan-kesehatan-satgas-mbg-usulkan-penutupan-sppg-sukorejo-2/
